image_name,url
SKU_底层金色，顶层银色.jpg,https://raw.githubusercontent.com/dengziqi0119/images/main/1688/义乌市听杰饰品有限公司/153%2B815185685664%2B%E5%98%BB%E5%93%88%E5%90%8C%E6%AC%BE%E5%8F%A4%E5%B7%B4%E6%B7%B7%E9%95%B6T%E6%96%B9%E9%94%86%E7%9F%B318mm%E7%97%9E%E5%B8%85%E6%AC%A7%E7%BE%8E%E8%A1%97%E5%A4%B4%E6%BD%AE%E4%BA%BA%E5%B0%8F%E4%BC%97%E8%AE%BE%E8%AE%A1%E6%84%9F%E9%A1%B9%E9%93%BE/SKU_%E5%BA%95%E5%B1%82%E9%87%91%E8%89%B2%EF%BC%8C%E9%A1%B6%E5%B1%82%E9%93%B6%E8%89%B2.jpg
SKU_底层银色，顶层玫瑰金.jpg,https://raw.githubusercontent.com/dengziqi0119/images/main/1688/义乌市听杰饰品有限公司/153%2B815185685664%2B%E5%98%BB%E5%93%88%E5%90%8C%E6%AC%BE%E5%8F%A4%E5%B7%B4%E6%B7%B7%E9%95%B6T%E6%96%B9%E9%94%86%E7%9F%B318mm%E7%97%9E%E5%B8%85%E6%AC%A7%E7%BE%8E%E8%A1%97%E5%A4%B4%E6%BD%AE%E4%BA%BA%E5%B0%8F%E4%BC%97%E8%AE%BE%E8%AE%A1%E6%84%9F%E9%A1%B9%E9%93%BE/SKU_%E5%BA%95%E5%B1%82%E9%93%B6%E8%89%B2%EF%BC%8C%E9%A1%B6%E5%B1%82%E7%8E%AB%E7%91%B0%E9%87%91.jpg
SKU_金色.jpg,https://raw.githubusercontent.com/dengziqi0119/images/main/1688/义乌市听杰饰品有限公司/153%2B815185685664%2B%E5%98%BB%E5%93%88%E5%90%8C%E6%AC%BE%E5%8F%A4%E5%B7%B4%E6%B7%B7%E9%95%B6T%E6%96%B9%E9%94%86%E7%9F%B318mm%E7%97%9E%E5%B8%85%E6%AC%A7%E7%BE%8E%E8%A1%97%E5%A4%B4%E6%BD%AE%E4%BA%BA%E5%B0%8F%E4%BC%97%E8%AE%BE%E8%AE%A1%E6%84%9F%E9%A1%B9%E9%93%BE/SKU_%E9%87%91%E8%89%B2.jpg
SKU_银色.jpg,https://raw.githubusercontent.com/dengziqi0119/images/main/1688/义乌市听杰饰品有限公司/153%2B815185685664%2B%E5%98%BB%E5%93%88%E5%90%8C%E6%AC%BE%E5%8F%A4%E5%B7%B4%E6%B7%B7%E9%95%B6T%E6%96%B9%E9%94%86%E7%9F%B318mm%E7%97%9E%E5%B8%85%E6%AC%A7%E7%BE%8E%E8%A1%97%E5%A4%B4%E6%BD%AE%E4%BA%BA%E5%B0%8F%E4%BC%97%E8%AE%BE%E8%AE%A1%E6%84%9F%E9%A1%B9%E9%93%BE/SKU_%E9%93%B6%E8%89%B2.jpg
主图_01.jpg,https://raw.githubusercontent.com/dengziqi0119/images/main/1688/义乌市听杰饰品有限公司/153%2B815185685664%2B%E5%98%BB%E5%93%88%E5%90%8C%E6%AC%BE%E5%8F%A4%E5%B7%B4%E6%B7%B7%E9%95%B6T%E6%96%B9%E9%94%86%E7%9F%B318mm%E7%97%9E%E5%B8%85%E6%AC%A7%E7%BE%8E%E8%A1%97%E5%A4%B4%E6%BD%AE%E4%BA%BA%E5%B0%8F%E4%BC%97%E8%AE%BE%E8%AE%A1%E6%84%9F%E9%A1%B9%E9%93%BE/%E4%B8%BB%E5%9B%BE_01.jpg
主图_02.jpg,https://raw.githubusercontent.com/dengziqi0119/images/main/1688/义乌市听杰饰品有限公司/153%2B815185685664%2B%E5%98%BB%E5%93%88%E5%90%8C%E6%AC%BE%E5%8F%A4%E5%B7%B4%E6%B7%B7%E9%95%B6T%E6%96%B9%E9%94%86%E7%9F%B318mm%E7%97%9E%E5%B8%85%E6%AC%A7%E7%BE%8E%E8%A1%97%E5%A4%B4%E6%BD%AE%E4%BA%BA%E5%B0%8F%E4%BC%97%E8%AE%BE%E8%AE%A1%E6%84%9F%E9%A1%B9%E9%93%BE/%E4%B8%BB%E5%9B%BE_02.jpg
主图_03.jpg,https://raw.githubusercontent.com/dengziqi0119/images/main/1688/义乌市听杰饰品有限公司/153%2B815185685664%2B%E5%98%BB%E5%93%88%E5%90%8C%E6%AC%BE%E5%8F%A4%E5%B7%B4%E6%B7%B7%E9%95%B6T%E6%96%B9%E9%94%86%E7%9F%B318mm%E7%97%9E%E5%B8%85%E6%AC%A7%E7%BE%8E%E8%A1%97%E5%A4%B4%E6%BD%AE%E4%BA%BA%E5%B0%8F%E4%BC%97%E8%AE%BE%E8%AE%A1%E6%84%9F%E9%A1%B9%E9%93%BE/%E4%B8%BB%E5%9B%BE_03.jpg
主图_04.jpg,https://raw.githubusercontent.com/dengziqi0119/images/main/1688/义乌市听杰饰品有限公司/153%2B815185685664%2B%E5%98%BB%E5%93%88%E5%90%8C%E6%AC%BE%E5%8F%A4%E5%B7%B4%E6%B7%B7%E9%95%B6T%E6%96%B9%E9%94%86%E7%9F%B318mm%E7%97%9E%E5%B8%85%E6%AC%A7%E7%BE%8E%E8%A1%97%E5%A4%B4%E6%BD%AE%E4%BA%BA%E5%B0%8F%E4%BC%97%E8%AE%BE%E8%AE%A1%E6%84%9F%E9%A1%B9%E9%93%BE/%E4%B8%BB%E5%9B%BE_04.jpg
主图_05.jpg,https://raw.githubusercontent.com/dengziqi0119/images/main/1688/义乌市听杰饰品有限公司/153%2B815185685664%2B%E5%98%BB%E5%93%88%E5%90%8C%E6%AC%BE%E5%8F%A4%E5%B7%B4%E6%B7%B7%E9%95%B6T%E6%96%B9%E9%94%86%E7%9F%B318mm%E7%97%9E%E5%B8%85%E6%AC%A7%E7%BE%8E%E8%A1%97%E5%A4%B4%E6%BD%AE%E4%BA%BA%E5%B0%8F%E4%BC%97%E8%AE%BE%E8%AE%A1%E6%84%9F%E9%A1%B9%E9%93%BE/%E4%B8%BB%E5%9B%BE_05.jpg
